[
  {
    "url": "http://sing.wuyayu.com/%E7%A5%9E%E7%94%B0%E6%B2%99%E4%B9%9F%E5%8A%A0%20-%20delete.mp3",
    "name": "delete",
    "singer": "神田沙也加",
    "playBool": false
  },
  {
    "url": "http://sing.wuyayu.com/%E7%A5%9E%E7%94%B0%E6%B2%99%E4%B9%9F%E5%8A%A0%20-%20longing.mp3",
    "name": "longing",
    "singer": "神田沙也加",
    "playBool": false
  },
  {
    "url": "http://sing.wuyayu.com/%E7%A5%9E%E7%94%B0%E6%B2%99%E4%B9%9F%E5%8A%A0%20-%20Break%20Beat%20Bark%21.mp3",
    "name": "Break Beat Bark!",
    "singer": "神田沙也加",
    "playBool": false
  },
  {
    "url": "http://sing.wuyayu.com/%E7%A5%9E%E7%94%B0%E6%B2%99%E4%B9%9F%E5%8A%A0%20-%20Ubiquitous%20dB.mp3",
    "name": "Ubiquitous dB",
    "singer": "神田沙也加",
    "playBool": false
  }
]