[
  {
    "url": "",
    "name": "delete",
    "singer": "神田沙也加",
    "playBool": false,
    "id": 460476150
  },
  {
    "url": "",
    "name": "longing",
    "singer": "神田沙也加",
    "playBool": false,
    "id": 460476149
  },
  {
    "url": "",
    "name": "Break Beat Bark!",
    "singer": "神田沙也加",
    "playBool": false,
    "id": 460476151
  },
  {
    "url": "",
    "name": "Ubiquitous dB",
    "singer": "神田沙也加",
    "playBool": false,
    "id": 460476148
  },
  {
    "url": "",
    "name": "60km/h",
    "singer": "晨曦光廊",
    "playBool": false,
    "id": 28748458
  },
  {
    "url": "",
    "name": "光合作用",
    "singer": "晨曦光廊",
    "playBool": false,
    "id": 28748456
  }

]